<edmx:Edmx xmlns:edmx="http://schemas.microsoft.com/ado/2007/06/edmx"
	xmlns:m="http://schemas.microsoft.com/ado/2007/08/dataservices/metadata" xmlns:sap="http://www.sap.com/Protocols/SAPData" Version="1.0">
	<edmx:DataServices m:DataServiceVersion="2.0">
		<Schema xmlns="http://schemas.microsoft.com/ado/2008/09/edm" Namespace="CUAN_MICRO_LIST_SRV" xml:lang="en" sap:schema-version="1">
			<EntityType Name="MyQuickSearchResult" sap:label="My Quick Search Result" sap:content-version="1">
				<Key><PropertyRef Name="ObjectType"/><PropertyRef Name="ObjectId"/></Key><Property Name="ObjectType" Type="Edm.String" Nullable="false" MaxLength="30" sap:label="Object Type" sap:creatable="false"
					sap:updatable="false" sap:sortable="false" sap:filterable="false"/><Property Name="TargetUrl" Type="Edm.String" Nullable="false" sap:label="Target URL" sap:creatable="false" sap:updatable="false"
					sap:sortable="false" sap:filterable="false"/><Property Name="TargetHash" Type="Edm.String" Nullable="false" sap:label="Target Hash Value" sap:creatable="false" sap:updatable="false"
					sap:sortable="false" sap:filterable="false"/><Property Name="ObjectId" Type="Edm.String" Nullable="false" MaxLength="50" sap:label="Object ID" sap:creatable="false"
					sap:updatable="false" sap:sortable="false" sap:filterable="false"/><Property Name="Inplace" Type="Edm.String" Nullable="false" MaxLength="1" sap:label="Inplace Navigation" sap:creatable="false"
					sap:updatable="false" sap:sortable="false" sap:filterable="false"/><Property Name="ObjectIdAdditional" Type="Edm.String" Nullable="false" MaxLength="50" sap:label="Additional Object ID" sap:creatable="false"
					sap:updatable="false" sap:sortable="false" sap:filterable="false"/><Property Name="PropertyName1" Type="Edm.String" Nullable="false" sap:label="Property Name 1" sap:creatable="false" sap:updatable="false"
					sap:sortable="false" sap:filterable="false"/><Property Name="PropertyValue1" Type="Edm.String" Nullable="false" sap:label="Property Value 1" sap:creatable="false" sap:updatable="false"
					sap:sortable="false" sap:filterable="false"/><Property Name="PropertyName2" Type="Edm.String" Nullable="false" sap:label="Property Name 2" sap:creatable="false" sap:updatable="false"
					sap:sortable="false" sap:filterable="false"/><Property Name="PropertyValue2" Type="Edm.String" Nullable="false" sap:label="Property Value 2" sap:creatable="false" sap:updatable="false"
					sap:sortable="false" sap:filterable="false"/><Property Name="PropertyName3" Type="Edm.String" Nullable="false" sap:label="Property Name 3" sap:creatable="false" sap:updatable="false"
					sap:sortable="false" sap:filterable="false"/><Property Name="PropertyValue3" Type="Edm.String" Nullable="false" sap:label="Property Value 3" sap:creatable="false" sap:updatable="false"
					sap:sortable="false" sap:filterable="false"/><Property Name="IconName" Type="Edm.String" Nullable="false" MaxLength="60" sap:label="SAPUI5 Icon" sap:creatable="false"
					sap:updatable="false" sap:sortable="false" sap:filterable="false"/><Property Name="Description" Type="Edm.String" Nullable="false" sap:label="Object Type Description" sap:creatable="false"
					sap:updatable="false" sap:sortable="false" sap:filterable="false"/><Property Name="SearchTerm" Type="Edm.String" Nullable="false" sap:label="Search" sap:creatable="false" sap:updatable="false"
					sap:sortable="false" sap:filterable="false"/></EntityType>
			<EntityType Name="MyQuickSearchObjectType" sap:label="My Quick Search Object Type" sap:content-version="1">
				<Key><PropertyRef Name="ObjectType"/></Key><Property Name="ObjectType" Type="Edm.String" Nullable="false" MaxLength="30" sap:label="Object Type" sap:creatable="false"
					sap:updatable="false"/><Property Name="Description" Type="Edm.String" Nullable="false" sap:label="Object Type Description" sap:creatable="false"
					sap:updatable="false" sap:sortable="false" sap:filterable="false"/><Property Name="IconName" Type="Edm.String" Nullable="false" MaxLength="60" sap:label="SAPUI5 Icon" sap:creatable="false"
					sap:updatable="false" sap:sortable="false" sap:filterable="false"/><Property Name="Count" Type="Edm.Int32" Nullable="false" sap:label="Count" sap:creatable="false" sap:updatable="false" sap:sortable="false"
					sap:filterable="false"/><Property Name="SearchTerm" Type="Edm.String" Nullable="false" sap:label="Search" sap:creatable="false" sap:updatable="false"
					sap:sortable="false" sap:filterable="false"/></EntityType>
			<EntityType Name="GenericListObject" sap:label="Generic List Object" sap:content-version="1">
				<Key><PropertyRef Name="ObjectId"/><PropertyRef Name="ObjectType"/></Key><Property Name="ObjectId" Type="Edm.String" Nullable="false" MaxLength="50" sap:label="Object ID" sap:creatable="false"
					sap:updatable="false" sap:sortable="false" sap:filterable="false"/><Property Name="ObjectType" Type="Edm.String" Nullable="false" MaxLength="30" sap:label="Object Type" sap:creatable="false"
					sap:updatable="false" sap:sortable="false" sap:filterable="false"/><Property Name="PropertyValue1" Type="Edm.String" Nullable="false" sap:label="Property Value 1" sap:creatable="false" sap:updatable="false"
					sap:sortable="false" sap:filterable="false"/><Property Name="PropertyValue2" Type="Edm.String" Nullable="false" sap:label="Property Value 2" sap:creatable="false" sap:updatable="false"
					sap:sortable="false" sap:filterable="false"/><Property Name="PropertyValue3" Type="Edm.String" Nullable="false" sap:label="Property Value 3" sap:creatable="false" sap:updatable="false"
					sap:sortable="false" sap:filterable="false"/><Property Name="PropertyName1" Type="Edm.String" Nullable="false" sap:label="Property Name 1" sap:creatable="false" sap:updatable="false"
					sap:sortable="false" sap:filterable="false"/><Property Name="PropertyName2" Type="Edm.String" Nullable="false" sap:label="Property Name 2" sap:creatable="false" sap:updatable="false"
					sap:sortable="false" sap:filterable="false"/><Property Name="PropertyName3" Type="Edm.String" Nullable="false" sap:label="Property Name 3" sap:creatable="false" sap:updatable="false"
					sap:sortable="false" sap:filterable="false"/><Property Name="ObjectIdAdditional" Type="Edm.String" Nullable="false" MaxLength="50" sap:label="Additional Object ID" sap:creatable="false"
					sap:updatable="false" sap:sortable="false" sap:filterable="false"/><Property Name="IconName" Type="Edm.String" Nullable="false" MaxLength="60" sap:label="SAPUI5 Icon Name" sap:creatable="false"
					sap:updatable="false" sap:sortable="false" sap:filterable="false"/><Property Name="Description" Type="Edm.String" Nullable="false" sap:label="Object Type Description" sap:creatable="false"
					sap:updatable="false" sap:sortable="false" sap:filterable="false"/><Property Name="TargetUrl" Type="Edm.String" Nullable="false" sap:label="Target URL" sap:creatable="false" sap:updatable="false"
					sap:sortable="false" sap:filterable="false"/><Property Name="TargetHash" Type="Edm.String" Nullable="false" sap:label="Target Hash Value" sap:creatable="false" sap:updatable="false"
					sap:sortable="false" sap:filterable="false"/><Property Name="Inplace" Type="Edm.Boolean" Nullable="false" sap:label="Inplace" sap:creatable="false" sap:updatable="false"
					sap:sortable="false" sap:filterable="false"/></EntityType>
			<EntityContainer Name="CUAN_MICRO_LIST_SRV_Entities" m:IsDefaultEntityContainer="true" sap:supported-formats="atom json xlsx"><EntitySet Name="MyQuickSearchResults" EntityType="CUAN_MICRO_LIST_SRV.MyQuickSearchResult" sap:label="My Quick Search Results"
				sap:creatable="false" sap:updatable="false" sap:deletable="false" sap:content-version="1"/><EntitySet Name="MyQuickSearchObjectTypes" EntityType="CUAN_MICRO_LIST_SRV.MyQuickSearchObjectType" sap:label="My Quick Search Object Types"
				sap:creatable="false" sap:updatable="false" sap:deletable="false" sap:pageable="false" sap:addressable="false" sap:content-version="1"/><EntitySet Name="ActiveCampaigns" EntityType="CUAN_MICRO_LIST_SRV.GenericListObject" sap:label="Active Campaigns" sap:creatable="false"
				sap:updatable="false" sap:deletable="false" sap:pageable="false" sap:addressable="false" sap:content-version="1"/><EntitySet Name="MyMostRecentlyUsedObjects" EntityType="CUAN_MICRO_LIST_SRV.GenericListObject" sap:label="Recent Objects"
				sap:creatable="false" sap:updatable="false" sap:deletable="false" sap:pageable="false" sap:addressable="false" sap:content-version="1"/><EntitySet Name="SegmentationProfilesForCreate" EntityType="CUAN_MICRO_LIST_SRV.GenericListObject" sap:label="Segmentation Profiles"
				sap:creatable="false" sap:updatable="false" sap:deletable="false" sap:pageable="false" sap:addressable="false" sap:content-version="1"/></EntityContainer><atom:link xmlns:atom="http://www.w3.org/2005/Atom" rel="self" href="./sap/CUAN_MICRO_LIST_SRV/$metadata"/><atom:link xmlns:atom="http://www.w3.org/2005/Atom" rel="latest-version" href="./sap/CUAN_MICRO_LIST_SRV/$metadata"/></Schema>
	</edmx:DataServices>
</edmx:Edmx>