<edmx:Edmx xmlns:edmx="http://schemas.microsoft.com/ado/2007/06/edmx"
	xmlns:m="http://schemas.microsoft.com/ado/2007/08/dataservices/metadata" xmlns:sap="http://www.sap.com/Protocols/SAPData" Version="1.0">
	<edmx:Reference xmlns:edmx="http://docs.oasis-open.org/odata/ns/edmx"
		Uri="./IWFND/CATALOGSERVICE;v=2/Vocabularies(TechnicalName='%2FIWBEP%2FVOC_COMMON',Version='0001',SAP__Origin='')/$value"><edmx:Include Namespace="com.sap.vocabularies.Common.v1" Alias="Common"/></edmx:Reference>
	<edmx:Reference xmlns:edmx="http://docs.oasis-open.org/odata/ns/edmx"
		Uri="./IWFND/CATALOGSERVICE;v=2/Vocabularies(TechnicalName='%2FIWBEP%2FVOC_CAPABILITIES',Version='0001',SAP__Origin='')/$value"><edmx:Include Namespace="Org.OData.Capabilities.V1" Alias="Capabilities"/></edmx:Reference>
	<edmx:Reference xmlns:edmx="http://docs.oasis-open.org/odata/ns/edmx"
		Uri="./IWFND/CATALOGSERVICE;v=2/Vocabularies(TechnicalName='%2FIWBEP%2FVOC_COMMUNICATION',Version='0001',SAP__Origin='')/$value"><edmx:Include Namespace="com.sap.vocabularies.Communication.v1" Alias="Communication"/></edmx:Reference>
	<edmx:Reference xmlns:edmx="http://docs.oasis-open.org/odata/ns/edmx"
		Uri="./IWFND/CATALOGSERVICE;v=2/Vocabularies(TechnicalName='%2FIWBEP%2FVOC_AGGREGATION',Version='0001',SAP__Origin='')/$value"><edmx:Include Namespace="Org.OData.Aggregation.V1" Alias="Aggregation"/></edmx:Reference>
	<edmx:DataServices m:DataServiceVersion="2.0">
		<Schema xmlns="http://schemas.microsoft.com/ado/2008/09/edm" Namespace="ZMKT_HIER_CDS" xml:lang="en" sap:schema-version="1">
			<EntityType Name="ZMKT_HIERType" sap:label="Nimi MarketingOrganizer Hierarchy" sap:content-version="1">
				<Key><PropertyRef Name="db_key"/></Key><Property Name="db_key" Type="Edm.Guid" Nullable="false" sap:label="" sap:quickinfo="NodeID"/><Property Name="parentnode_id" Type="Edm.Guid" sap:label="" sap:quickinfo="NodeID"/><Property Name="hierarchy_level" Type="Edm.Int16" sap:label="Int2" sap:quickinfo="Integer 2"/><Property Name="drillstate" Type="Edm.String" MaxLength="20" sap:label="Char20" sap:quickinfo="Char 20"/><Property Name="name" Type="Edm.String" MaxLength="255" sap:label="Name"/><Property Name="object_type" Type="Edm.String" MaxLength="50" sap:label="Node Object Type" sap:quickinfo="Object type"/><Property Name="is_public" Type="Edm.Boolean" sap:label="" sap:quickinfo="Boolean Variable (X = True, - = False, Space = Unknown)"/><Property Name="reference_object_id" Type="Edm.String" sap:label="Ref Object ID" sap:quickinfo="Reference Object ID"/><Property Name="crea_date_time" Type="Edm.DateTimeOffset" Precision="7" sap:label="Time Stamp"
					sap:quickinfo="UTC Time Stamp in Long Form (YYYYMMDDhhmmssmmmuuun)"/><Property Name="crea_uname" Type="Edm.String" MaxLength="12" sap:label="User Name"/><Property Name="lchg_date_time" Type="Edm.DateTimeOffset" Precision="7" sap:label="Time Stamp"
					sap:quickinfo="UTC Time Stamp in Long Form (YYYYMMDDhhmmssmmmuuun)"/><Property Name="lchg_uname" Type="Edm.String" MaxLength="12" sap:label="User Name"/><NavigationProperty Name="to_Parent" Relationship="ZMKT_HIER_CDS.assoc_1CCFA3B85513D26960E33638ADFE39A9"
					FromRole="FromRole_assoc_1CCFA3B85513D26960E33638ADFE39A9" ToRole="ToRole_assoc_1CCFA3B85513D26960E33638ADFE39A9"/></EntityType>
			<Association Name="assoc_1CCFA3B85513D26960E33638ADFE39A9" sap:content-version="1"><End Type="ZMKT_HIER_CDS.ZMKT_HIERType" Multiplicity="1" Role="FromRole_assoc_1CCFA3B85513D26960E33638ADFE39A9"/><End Type="ZMKT_HIER_CDS.ZMKT_HIERType" Multiplicity="0..1" Role="ToRole_assoc_1CCFA3B85513D26960E33638ADFE39A9"/></Association>
			<EntityContainer Name="ZMKT_HIER_CDS_Entities" m:IsDefaultEntityContainer="true" sap:supported-formats="atom json xlsx"><EntitySet Name="ZMKT_HIER" EntityType="ZMKT_HIER_CDS.ZMKT_HIERType" sap:creatable="false" sap:updatable="false" sap:deletable="false"
				sap:content-version="1"/>
				<AssociationSet Name="assoc_1CCFA3B85513D26960E33638ADFE39A9" Association="ZMKT_HIER_CDS.assoc_1CCFA3B85513D26960E33638ADFE39A9"
					sap:creatable="false" sap:updatable="false" sap:deletable="false" sap:content-version="1"><End EntitySet="ZMKT_HIER" Role="FromRole_assoc_1CCFA3B85513D26960E33638ADFE39A9"/><End EntitySet="ZMKT_HIER" Role="ToRole_assoc_1CCFA3B85513D26960E33638ADFE39A9"/></AssociationSet>
			</EntityContainer>
			<Annotations xmlns="http://docs.oasis-open.org/odata/ns/edm" Target="ZMKT_HIER_CDS.ZMKT_HIER_CDS_Entities">
				<Annotation Term="Aggregation.ApplySupported">
					<Record>
						<PropertyValue Property="Transformations">
							<Collection>
								<String>aggregate</String>
								<String>groupby</String>
								<String>filter</String>
							</Collection>
						</PropertyValue><PropertyValue Property="Rollup" EnumMember="None"/></Record>
				</Annotation>
			</Annotations>
			<Annotations xmlns="http://docs.oasis-open.org/odata/ns/edm" Target="ZMKT_HIER_CDS.ZMKT_HIER_CDS_Entities/ZMKT_HIER">
				<Annotation Term="Capabilities.FilterRestrictions">
					<Record>
						<PropertyValue Property="FilterExpressionRestrictions">
							<Collection>
								<Record><PropertyValue Property="Property" PropertyPath="reference_object_id"/><PropertyValue Property="AllowedExpressions" String="SearchExpression"/></Record>
							</Collection>
						</PropertyValue>
					</Record>
				</Annotation>
				<Annotation Term="Capabilities.SortRestrictions">
					<Record>
						<PropertyValue Property="NonSortableProperties">
							<Collection>
								<PropertyPath>reference_object_id</PropertyPath>
							</Collection>
						</PropertyValue>
					</Record>
				</Annotation>
			</Annotations><atom:link xmlns:atom="http://www.w3.org/2005/Atom" rel="self" href="./sap/ZMKT_HIER_CDS/$metadata"/><atom:link xmlns:atom="http://www.w3.org/2005/Atom" rel="latest-version" href="./sap/ZMKT_HIER_CDS/$metadata"/></Schema>
	</edmx:DataServices>
</edmx:Edmx>