<edmx:Edmx xmlns:edmx="http://schemas.microsoft.com/ado/2007/06/edmx"
	xmlns:m="http://schemas.microsoft.com/ado/2007/08/dataservices/metadata" xmlns:sap="http://www.sap.com/Protocols/SAPData" Version="1.0">
	<edmx:Reference xmlns:edmx="http://docs.oasis-open.org/odata/ns/edmx"
		Uri="./IWFND/CATALOGSERVICE;v=2/Vocabularies(TechnicalName='%2FIWBEP%2FVOC_COMMON',Version='0001',SAP__Origin='LOCAL')/$value"><edmx:Include Namespace="com.sap.vocabularies.Common.v1" Alias="Common"/></edmx:Reference>
	<edmx:Reference xmlns:edmx="http://docs.oasis-open.org/odata/ns/edmx"
		Uri="./IWFND/CATALOGSERVICE;v=2/Vocabularies(TechnicalName='%2FIWBEP%2FVOC_CAPABILITIES',Version='0001',SAP__Origin='LOCAL')/$value"><edmx:Include Namespace="Org.OData.Capabilities.V1" Alias="Capabilities"/></edmx:Reference>
	<edmx:Reference xmlns:edmx="http://docs.oasis-open.org/odata/ns/edmx"
		Uri="./IWFND/CATALOGSERVICE;v=2/Vocabularies(TechnicalName='%2FIWBEP%2FVOC_COMMUNICATION',Version='0001',SAP__Origin='LOCAL')/$value"><edmx:Include Namespace="com.sap.vocabularies.Communication.v1" Alias="Communication"/></edmx:Reference>
	<edmx:Reference xmlns:edmx="http://docs.oasis-open.org/odata/ns/edmx"
		Uri="./IWFND/CATALOGSERVICE;v=2/Vocabularies(TechnicalName='%2FIWBEP%2FVOC_AGGREGATION',Version='0001',SAP__Origin='LOCAL')/$value"><edmx:Include Namespace="Org.OData.Aggregation.V1" Alias="Aggregation"/></edmx:Reference>
	<edmx:DataServices m:DataServiceVersion="2.0">
		<Schema xmlns="http://schemas.microsoft.com/ado/2008/09/edm" Namespace="C_NIMI_MKT_CAMPAIGNVH_CDS" xml:lang="en" sap:schema-version="1">
			<EntityType Name="CampaignValueHelpsType" sap:label="Campaign Value Help" sap:content-version="1">
				<Key><PropertyRef Name="Campaign"/></Key><Property Name="Campaign" Type="Edm.Guid" Nullable="false" sap:label="" sap:quickinfo="NodeID"/><Property Name="CampaignID" Type="Edm.String" MaxLength="10" sap:display-format="UpperCase" sap:label="Campaign ID"/><Property Name="CampaignName" Type="Edm.String" MaxLength="40" sap:label="Campaign Name"/><Property Name="CampaignLifecycleStatus" Type="Edm.String" MaxLength="1" sap:display-format="NonNegative"
					sap:text="to_MKT_CampaignLifeCycleStatus/CampaignLifecycleStatus_Text" sap:label="Status" sap:quickinfo="Life Cycle Status Code"
					sap:value-list="standard"/><Property Name="CampaignLifecycleStatusName" Type="Edm.String" MaxLength="60" sap:label="Short Descript."
					sap:quickinfo="Short Text for Fixed Values"/><Property Name="CampaignPriority" Type="Edm.String" MaxLength="1" sap:display-format="NonNegative"
					sap:text="to_MKT_CampaignPriority/CampaignPriority_Text" sap:label="Priority" sap:value-list="standard"/><Property Name="CampaignPriorityName" Type="Edm.String" MaxLength="60" sap:label="Short Descript."
					sap:quickinfo="Short Text for Fixed Values"/><Property Name="CampaignCategory" Type="Edm.String" MaxLength="3" sap:text="to_MKT_CampaignCategory/CampaignCategory_Text"
					sap:label="Campaign Category" sap:value-list="standard"/><Property Name="CampaignCategoryName" Type="Edm.String" MaxLength="40" sap:label="Category Name" sap:quickinfo="Name of Campaign Category"/><Property Name="CampaignProcessType" Type="Edm.String" MaxLength="2" sap:display-format="UpperCase"
					sap:text="to_MKT_CampaignProcessType/CampaignProcessType_Text" sap:label="Process Type" sap:quickinfo="Campaign Process Type"
					sap:value-list="standard"/><Property Name="CampaignProcessTypeName" Type="Edm.String" MaxLength="60" sap:label="Short Descript."
					sap:quickinfo="Short Text for Fixed Values"/><Property Name="MediaType" Type="Edm.String" MaxLength="40" sap:display-format="UpperCase" sap:text="to_MKT_MediaType/MediaType_Text"
					sap:label="Media Type" sap:quickinfo="Media Type Identifier" sap:value-list="standard"/><Property Name="MediaTypeName" Type="Edm.String" MaxLength="120" sap:label="Media Type"/><Property Name="CampaignStartDate" Type="Edm.DateTime" Precision="0" sap:display-format="Date" sap:label="Campaign Start Date"/><Property Name="CampaignEndDate" Type="Edm.DateTime" Precision="0" sap:display-format="Date" sap:label="Campaign End Date"/><Property Name="CampaignLastChgdDateTime" Type="Edm.DateTimeOffset" Precision="7" sap:label="Time Stamp"
					sap:quickinfo="UTC Time Stamp in Long Form (YYYYMMDDhhmmssmmmuuun)"/><Property Name="CampaignIconName" Type="Edm.String" MaxLength="120" sap:label="SAPUI5 Icon Name"
					sap:quickinfo="Icon Name from SAPUI5 Icon Pool" sap:creatable="false" sap:updatable="false" sap:sortable="false" sap:filterable="false"/><Property Name="CampaignIconURL" Type="Edm.String" MaxLength="1333" sap:creatable="false" sap:updatable="false" sap:sortable="false"
					sap:filterable="false"/><Property Name="MarketingArea" Type="Edm.String" MaxLength="40" sap:text="to_MKT_MarketingArea/MarketingArea_Text"
					sap:label="Marketing Area" sap:value-list="fixed-values"/><Property Name="MarketingAreaName" Type="Edm.String" MaxLength="120" sap:label="Marketing Area"
					sap:quickinfo="Description for Marketing Area"/><NavigationProperty Name="to_MKT_CampaignCategory" Relationship="C_NIMI_MKT_CAMPAIGNVH_CDS.assoc_5607620A9B235D520EAC482F795C19E0"
					FromRole="FromRole_assoc_5607620A9B235D520EAC482F795C19E0" ToRole="ToRole_assoc_5607620A9B235D520EAC482F795C19E0"/><NavigationProperty Name="to_MKT_CampaignLifeCycleStatus" Relationship="C_NIMI_MKT_CAMPAIGNVH_CDS.assoc_C8E3174593C7C6DD47D593942A08EC56"
					FromRole="FromRole_assoc_C8E3174593C7C6DD47D593942A08EC56" ToRole="ToRole_assoc_C8E3174593C7C6DD47D593942A08EC56"/><NavigationProperty Name="to_MKT_CampaignPriority" Relationship="C_NIMI_MKT_CAMPAIGNVH_CDS.assoc_5CD466AB894877B4AAD74ACB6D7FC9EA"
					FromRole="FromRole_assoc_5CD466AB894877B4AAD74ACB6D7FC9EA" ToRole="ToRole_assoc_5CD466AB894877B4AAD74ACB6D7FC9EA"/><NavigationProperty Name="to_MKT_CampaignProcessType" Relationship="C_NIMI_MKT_CAMPAIGNVH_CDS.assoc_D07BE2D08FF57BA1EF009A04F0C0F424"
					FromRole="FromRole_assoc_D07BE2D08FF57BA1EF009A04F0C0F424" ToRole="ToRole_assoc_D07BE2D08FF57BA1EF009A04F0C0F424"/><NavigationProperty Name="to_MKT_CampaignTeamMember" Relationship="C_NIMI_MKT_CAMPAIGNVH_CDS.assoc_704DD8848E58374DFCDDEA2401016A90"
					FromRole="FromRole_assoc_704DD8848E58374DFCDDEA2401016A90" ToRole="ToRole_assoc_704DD8848E58374DFCDDEA2401016A90"/><NavigationProperty Name="to_MKT_MarketingArea" Relationship="C_NIMI_MKT_CAMPAIGNVH_CDS.assoc_6399E342DD09158A384927DA60866714"
					FromRole="FromRole_assoc_6399E342DD09158A384927DA60866714" ToRole="ToRole_assoc_6399E342DD09158A384927DA60866714"/><NavigationProperty Name="to_MKT_MediaType" Relationship="C_NIMI_MKT_CAMPAIGNVH_CDS.assoc_9823869E053CA94590CB7B132A62A4D8"
					FromRole="FromRole_assoc_9823869E053CA94590CB7B132A62A4D8" ToRole="ToRole_assoc_9823869E053CA94590CB7B132A62A4D8"/></EntityType>
			<EntityType Name="I_MKT_CampaignCategoryType" sap:label="Campaign Category" sap:content-version="1">
				<Key><PropertyRef Name="CampaignCategory"/></Key><Property Name="CampaignCategory" Type="Edm.String" Nullable="false" MaxLength="3" sap:display-format="UpperCase"
					sap:text="CampaignCategory_Text" sap:label="Category ID" sap:quickinfo="Campaign Category ID"/><Property Name="CampaignCategory_Text" Type="Edm.String" MaxLength="40" sap:label="Category Name" sap:quickinfo="Name of Campaign Category"
					sap:creatable="false" sap:updatable="false"/><Property Name="CampaignCategoryIsActive" Type="Edm.Boolean" sap:display-format="UpperCase" sap:label="Is Active"
					sap:quickinfo="Is Active (Flag)"/><Property Name="CampaignCategoryType" Type="Edm.String" MaxLength="2" sap:display-format="NonNegative" sap:label="Permission Handling"
					sap:quickinfo="Marketing Permission Handling"/></EntityType>
			<EntityType Name="I_MKT_CampaignLifeCycleStatusType" sap:label="Campaign Life Cycle Status" sap:content-version="1">
				<Key><PropertyRef Name="CampaignLifecycleStatus"/></Key><Property Name="CampaignLifecycleStatus" Type="Edm.String" Nullable="false" MaxLength="10" sap:display-format="UpperCase"
					sap:text="CampaignLifecycleStatus_Text" sap:label="Lower Value" sap:quickinfo="Values for Domains: Single Value / Upper Limit"/><Property Name="CampaignLifecycleStatus_Text" Type="Edm.String" MaxLength="60" sap:label="Short Descript."
					sap:quickinfo="Short Text for Fixed Values" sap:creatable="false" sap:updatable="false"/></EntityType>
			<EntityType Name="I_MKT_CampaignPriorityType" sap:label="Campaign Priority" sap:content-version="1">
				<Key><PropertyRef Name="CampaignPriority"/></Key><Property Name="CampaignPriority" Type="Edm.String" Nullable="false" MaxLength="10" sap:display-format="UpperCase"
					sap:text="CampaignPriority_Text" sap:label="Lower Value" sap:quickinfo="Values for Domains: Single Value / Upper Limit"/><Property Name="CampaignPriority_Text" Type="Edm.String" MaxLength="60" sap:label="Short Descript."
					sap:quickinfo="Short Text for Fixed Values" sap:creatable="false" sap:updatable="false"/></EntityType>
			<EntityType Name="I_MKT_CampaignProcessTypeType" sap:label="Campaign Process Type" sap:content-version="1">
				<Key><PropertyRef Name="CampaignProcessType"/></Key><Property Name="CampaignProcessType" Type="Edm.String" Nullable="false" MaxLength="10" sap:display-format="UpperCase"
					sap:text="CampaignProcessType_Text" sap:label="Lower Value" sap:quickinfo="Values for Domains: Single Value / Upper Limit"/><Property Name="CampaignProcessType_Text" Type="Edm.String" MaxLength="60" sap:label="Short Descript."
					sap:quickinfo="Short Text for Fixed Values" sap:creatable="false" sap:updatable="false"/></EntityType>
			<EntityType Name="I_MKT_CampaignTeamMemberType" sap:label="Campaign Team Member" sap:content-version="1">
				<Key><PropertyRef Name="Campaign"/><PropertyRef Name="UserID"/></Key><Property Name="Campaign" Type="Edm.Guid" Nullable="false" sap:label="" sap:quickinfo="NodeID"/><Property Name="UserID" Type="Edm.String" Nullable="false" MaxLength="12" sap:display-format="UpperCase" sap:text="to_MKT_User/FullName"
					sap:label="User" sap:quickinfo="User Name in User Master Record" sap:value-list="standard"/><Property Name="IsOwner" Type="Edm.Boolean" sap:display-format="UpperCase" sap:label="TRUE"
					sap:quickinfo="Data element for domain BOOLE: TRUE (='X') and FALSE (=' ')"/><NavigationProperty Name="to_MKT_User" Relationship="C_NIMI_MKT_CAMPAIGNVH_CDS.assoc_5B2D0D9DE3EBB06FAA0AACD30646AB24"
					FromRole="FromRole_assoc_5B2D0D9DE3EBB06FAA0AACD30646AB24" ToRole="ToRole_assoc_5B2D0D9DE3EBB06FAA0AACD30646AB24"/></EntityType>
			<EntityType Name="I_MKT_MarketingAreaType" sap:label="Marketing Area" sap:content-version="1">
				<Key><PropertyRef Name="MarketingArea"/></Key><Property Name="MarketingArea" Type="Edm.String" Nullable="false" MaxLength="40" sap:display-format="UpperCase"
					sap:text="MarketingArea_Text" sap:label="Marketing Area ID"/><Property Name="MarketingArea_Text" Type="Edm.String" MaxLength="120" sap:label="Marketing Area"
					sap:quickinfo="Description for Marketing Area" sap:creatable="false" sap:updatable="false"/><Property Name="MarketingAreaIsActive" Type="Edm.Boolean" sap:display-format="UpperCase" sap:label="Active"
					sap:quickinfo="Marketing Area is Active"/></EntityType>
			<EntityType Name="I_MKT_MediaTypeType" sap:label="Media Type" sap:content-version="1">
				<Key><PropertyRef Name="MediaType"/></Key><Property Name="MediaType" Type="Edm.String" Nullable="false" MaxLength="40" sap:display-format="UpperCase" sap:text="MediaType_Text"
					sap:label="Media Type" sap:quickinfo="Media Type Identifier"/><Property Name="MediaType_Text" Type="Edm.String" MaxLength="120" sap:label="Media Type" sap:creatable="false" sap:updatable="false"/></EntityType>
			<EntityType Name="I_MKT_UserType" sap:label="User" sap:content-version="1">
				<Key><PropertyRef Name="UserID"/></Key><Property Name="UserID" Type="Edm.String" Nullable="false" MaxLength="12" sap:display-format="UpperCase" sap:text="FullName"
					sap:label="User" sap:quickinfo="User Name in User Master Record" sap:creatable="false" sap:updatable="false"/><Property Name="FullName" Type="Edm.String" MaxLength="80" sap:label="Full Name" sap:quickinfo="Full Name of Person" sap:creatable="false"
					sap:updatable="false"/></EntityType>
			<Association Name="assoc_5B2D0D9DE3EBB06FAA0AACD30646AB24" sap:content-version="1"><End Type="C_NIMI_MKT_CAMPAIGNVH_CDS.I_MKT_CampaignTeamMemberType" Multiplicity="1" Role="FromRole_assoc_5B2D0D9DE3EBB06FAA0AACD30646AB24"/><End Type="C_NIMI_MKT_CAMPAIGNVH_CDS.I_MKT_UserType" Multiplicity="1" Role="ToRole_assoc_5B2D0D9DE3EBB06FAA0AACD30646AB24"/>
				<ReferentialConstraint>
					<Principal Role="ToRole_assoc_5B2D0D9DE3EBB06FAA0AACD30646AB24"><PropertyRef Name="UserID"/></Principal>
					<Dependent Role="FromRole_assoc_5B2D0D9DE3EBB06FAA0AACD30646AB24"><PropertyRef Name="UserID"/></Dependent>
				</ReferentialConstraint>
			</Association>
			<Association Name="assoc_C8E3174593C7C6DD47D593942A08EC56" sap:content-version="1"><End Type="C_NIMI_MKT_CAMPAIGNVH_CDS.CampaignValueHelpsType" Multiplicity="1" Role="FromRole_assoc_C8E3174593C7C6DD47D593942A08EC56"/><End Type="C_NIMI_MKT_CAMPAIGNVH_CDS.I_MKT_CampaignLifeCycleStatusType" Multiplicity="1"
				Role="ToRole_assoc_C8E3174593C7C6DD47D593942A08EC56"/>
				<ReferentialConstraint>
					<Principal Role="ToRole_assoc_C8E3174593C7C6DD47D593942A08EC56"><PropertyRef Name="CampaignLifecycleStatus"/></Principal>
					<Dependent Role="FromRole_assoc_C8E3174593C7C6DD47D593942A08EC56"><PropertyRef Name="CampaignLifecycleStatus"/></Dependent>
				</ReferentialConstraint>
			</Association>
			<Association Name="assoc_5CD466AB894877B4AAD74ACB6D7FC9EA" sap:content-version="1"><End Type="C_NIMI_MKT_CAMPAIGNVH_CDS.CampaignValueHelpsType" Multiplicity="1" Role="FromRole_assoc_5CD466AB894877B4AAD74ACB6D7FC9EA"/><End Type="C_NIMI_MKT_CAMPAIGNVH_CDS.I_MKT_CampaignPriorityType" Multiplicity="0..1" Role="ToRole_assoc_5CD466AB894877B4AAD74ACB6D7FC9EA"/>
				<ReferentialConstraint>
					<Principal Role="ToRole_assoc_5CD466AB894877B4AAD74ACB6D7FC9EA"><PropertyRef Name="CampaignPriority"/></Principal>
					<Dependent Role="FromRole_assoc_5CD466AB894877B4AAD74ACB6D7FC9EA"><PropertyRef Name="CampaignPriority"/></Dependent>
				</ReferentialConstraint>
			</Association>
			<Association Name="assoc_D07BE2D08FF57BA1EF009A04F0C0F424" sap:content-version="1"><End Type="C_NIMI_MKT_CAMPAIGNVH_CDS.CampaignValueHelpsType" Multiplicity="1" Role="FromRole_assoc_D07BE2D08FF57BA1EF009A04F0C0F424"/><End Type="C_NIMI_MKT_CAMPAIGNVH_CDS.I_MKT_CampaignProcessTypeType" Multiplicity="0..1" Role="ToRole_assoc_D07BE2D08FF57BA1EF009A04F0C0F424"/>
				<ReferentialConstraint>
					<Principal Role="ToRole_assoc_D07BE2D08FF57BA1EF009A04F0C0F424"><PropertyRef Name="CampaignProcessType"/></Principal>
					<Dependent Role="FromRole_assoc_D07BE2D08FF57BA1EF009A04F0C0F424"><PropertyRef Name="CampaignProcessType"/></Dependent>
				</ReferentialConstraint>
			</Association>
			<Association Name="assoc_704DD8848E58374DFCDDEA2401016A90" sap:content-version="1"><End Type="C_NIMI_MKT_CAMPAIGNVH_CDS.CampaignValueHelpsType" Multiplicity="1" Role="FromRole_assoc_704DD8848E58374DFCDDEA2401016A90"/><End Type="C_NIMI_MKT_CAMPAIGNVH_CDS.I_MKT_CampaignTeamMemberType" Multiplicity="*" Role="ToRole_assoc_704DD8848E58374DFCDDEA2401016A90"/></Association>
			<Association Name="assoc_6399E342DD09158A384927DA60866714" sap:content-version="1"><End Type="C_NIMI_MKT_CAMPAIGNVH_CDS.CampaignValueHelpsType" Multiplicity="1" Role="FromRole_assoc_6399E342DD09158A384927DA60866714"/><End Type="C_NIMI_MKT_CAMPAIGNVH_CDS.I_MKT_MarketingAreaType" Multiplicity="0..1" Role="ToRole_assoc_6399E342DD09158A384927DA60866714"/>
				<ReferentialConstraint>
					<Principal Role="ToRole_assoc_6399E342DD09158A384927DA60866714"><PropertyRef Name="MarketingArea"/></Principal>
					<Dependent Role="FromRole_assoc_6399E342DD09158A384927DA60866714"><PropertyRef Name="MarketingArea"/></Dependent>
				</ReferentialConstraint>
			</Association>
			<Association Name="assoc_9823869E053CA94590CB7B132A62A4D8" sap:content-version="1"><End Type="C_NIMI_MKT_CAMPAIGNVH_CDS.CampaignValueHelpsType" Multiplicity="1" Role="FromRole_assoc_9823869E053CA94590CB7B132A62A4D8"/><End Type="C_NIMI_MKT_CAMPAIGNVH_CDS.I_MKT_MediaTypeType" Multiplicity="0..1" Role="ToRole_assoc_9823869E053CA94590CB7B132A62A4D8"/>
				<ReferentialConstraint>
					<Principal Role="ToRole_assoc_9823869E053CA94590CB7B132A62A4D8"><PropertyRef Name="MediaType"/></Principal>
					<Dependent Role="FromRole_assoc_9823869E053CA94590CB7B132A62A4D8"><PropertyRef Name="MediaType"/></Dependent>
				</ReferentialConstraint>
			</Association>
			<Association Name="assoc_5607620A9B235D520EAC482F795C19E0" sap:content-version="1"><End Type="C_NIMI_MKT_CAMPAIGNVH_CDS.CampaignValueHelpsType" Multiplicity="1" Role="FromRole_assoc_5607620A9B235D520EAC482F795C19E0"/><End Type="C_NIMI_MKT_CAMPAIGNVH_CDS.I_MKT_CampaignCategoryType" Multiplicity="1" Role="ToRole_assoc_5607620A9B235D520EAC482F795C19E0"/>
				<ReferentialConstraint>
					<Principal Role="ToRole_assoc_5607620A9B235D520EAC482F795C19E0"><PropertyRef Name="CampaignCategory"/></Principal>
					<Dependent Role="FromRole_assoc_5607620A9B235D520EAC482F795C19E0"><PropertyRef Name="CampaignCategory"/></Dependent>
				</ReferentialConstraint>
			</Association>
			<EntityContainer Name="C_NIMI_MKT_CAMPAIGNVH_CDS_Entities" m:IsDefaultEntityContainer="true" sap:supported-formats="atom json xlsx"><EntitySet Name="CampaignValueHelps" EntityType="C_NIMI_MKT_CAMPAIGNVH_CDS.CampaignValueHelpsType" sap:creatable="false"
				sap:updatable="false" sap:deletable="false" sap:searchable="true" sap:content-version="1"/><EntitySet Name="I_MKT_CampaignCategory" EntityType="C_NIMI_MKT_CAMPAIGNVH_CDS.I_MKT_CampaignCategoryType" sap:creatable="false"
				sap:updatable="false" sap:deletable="false" sap:content-version="1"/><EntitySet Name="I_MKT_CampaignLifeCycleStatus" EntityType="C_NIMI_MKT_CAMPAIGNVH_CDS.I_MKT_CampaignLifeCycleStatusType"
				sap:creatable="false" sap:updatable="false" sap:deletable="false" sap:content-version="1"/><EntitySet Name="I_MKT_CampaignPriority" EntityType="C_NIMI_MKT_CAMPAIGNVH_CDS.I_MKT_CampaignPriorityType" sap:creatable="false"
				sap:updatable="false" sap:deletable="false" sap:content-version="1"/><EntitySet Name="I_MKT_CampaignProcessType" EntityType="C_NIMI_MKT_CAMPAIGNVH_CDS.I_MKT_CampaignProcessTypeType" sap:creatable="false"
				sap:updatable="false" sap:deletable="false" sap:content-version="1"/><EntitySet Name="I_MKT_CampaignTeamMember" EntityType="C_NIMI_MKT_CAMPAIGNVH_CDS.I_MKT_CampaignTeamMemberType" sap:creatable="false"
				sap:updatable="false" sap:deletable="false" sap:addressable="false" sap:content-version="1"/><EntitySet Name="I_MKT_MarketingArea" EntityType="C_NIMI_MKT_CAMPAIGNVH_CDS.I_MKT_MarketingAreaType" sap:creatable="false"
				sap:updatable="false" sap:deletable="false" sap:content-version="1"/><EntitySet Name="I_MKT_MediaType" EntityType="C_NIMI_MKT_CAMPAIGNVH_CDS.I_MKT_MediaTypeType" sap:creatable="false" sap:updatable="false"
				sap:deletable="false" sap:content-version="1"/><EntitySet Name="I_MKT_User" EntityType="C_NIMI_MKT_CAMPAIGNVH_CDS.I_MKT_UserType" sap:creatable="false" sap:updatable="false"
				sap:deletable="false" sap:addressable="false" sap:content-version="1"/>
				<AssociationSet Name="assoc_5607620A9B235D520EAC482F795C19E0" Association="C_NIMI_MKT_CAMPAIGNVH_CDS.assoc_5607620A9B235D520EAC482F795C19E0"
					sap:creatable="false" sap:updatable="false" sap:deletable="false" sap:content-version="1"><End EntitySet="CampaignValueHelps" Role="FromRole_assoc_5607620A9B235D520EAC482F795C19E0"/><End EntitySet="I_MKT_CampaignCategory" Role="ToRole_assoc_5607620A9B235D520EAC482F795C19E0"/></AssociationSet>
				<AssociationSet Name="assoc_C8E3174593C7C6DD47D593942A08EC56" Association="C_NIMI_MKT_CAMPAIGNVH_CDS.assoc_C8E3174593C7C6DD47D593942A08EC56"
					sap:creatable="false" sap:updatable="false" sap:deletable="false" sap:content-version="1"><End EntitySet="CampaignValueHelps" Role="FromRole_assoc_C8E3174593C7C6DD47D593942A08EC56"/><End EntitySet="I_MKT_CampaignLifeCycleStatus" Role="ToRole_assoc_C8E3174593C7C6DD47D593942A08EC56"/></AssociationSet>
				<AssociationSet Name="assoc_5B2D0D9DE3EBB06FAA0AACD30646AB24" Association="C_NIMI_MKT_CAMPAIGNVH_CDS.assoc_5B2D0D9DE3EBB06FAA0AACD30646AB24"
					sap:creatable="false" sap:updatable="false" sap:deletable="false" sap:content-version="1"><End EntitySet="I_MKT_CampaignTeamMember" Role="FromRole_assoc_5B2D0D9DE3EBB06FAA0AACD30646AB24"/><End EntitySet="I_MKT_User" Role="ToRole_assoc_5B2D0D9DE3EBB06FAA0AACD30646AB24"/></AssociationSet>
				<AssociationSet Name="assoc_D07BE2D08FF57BA1EF009A04F0C0F424" Association="C_NIMI_MKT_CAMPAIGNVH_CDS.assoc_D07BE2D08FF57BA1EF009A04F0C0F424"
					sap:creatable="false" sap:updatable="false" sap:deletable="false" sap:content-version="1"><End EntitySet="CampaignValueHelps" Role="FromRole_assoc_D07BE2D08FF57BA1EF009A04F0C0F424"/><End EntitySet="I_MKT_CampaignProcessType" Role="ToRole_assoc_D07BE2D08FF57BA1EF009A04F0C0F424"/></AssociationSet>
				<AssociationSet Name="assoc_5CD466AB894877B4AAD74ACB6D7FC9EA" Association="C_NIMI_MKT_CAMPAIGNVH_CDS.assoc_5CD466AB894877B4AAD74ACB6D7FC9EA"
					sap:creatable="false" sap:updatable="false" sap:deletable="false" sap:content-version="1"><End EntitySet="CampaignValueHelps" Role="FromRole_assoc_5CD466AB894877B4AAD74ACB6D7FC9EA"/><End EntitySet="I_MKT_CampaignPriority" Role="ToRole_assoc_5CD466AB894877B4AAD74ACB6D7FC9EA"/></AssociationSet>
				<AssociationSet Name="assoc_704DD8848E58374DFCDDEA2401016A90" Association="C_NIMI_MKT_CAMPAIGNVH_CDS.assoc_704DD8848E58374DFCDDEA2401016A90"
					sap:creatable="false" sap:updatable="false" sap:deletable="false" sap:content-version="1"><End EntitySet="CampaignValueHelps" Role="FromRole_assoc_704DD8848E58374DFCDDEA2401016A90"/><End EntitySet="I_MKT_CampaignTeamMember" Role="ToRole_assoc_704DD8848E58374DFCDDEA2401016A90"/></AssociationSet>
				<AssociationSet Name="assoc_9823869E053CA94590CB7B132A62A4D8" Association="C_NIMI_MKT_CAMPAIGNVH_CDS.assoc_9823869E053CA94590CB7B132A62A4D8"
					sap:creatable="false" sap:updatable="false" sap:deletable="false" sap:content-version="1"><End EntitySet="CampaignValueHelps" Role="FromRole_assoc_9823869E053CA94590CB7B132A62A4D8"/><End EntitySet="I_MKT_MediaType" Role="ToRole_assoc_9823869E053CA94590CB7B132A62A4D8"/></AssociationSet>
				<AssociationSet Name="assoc_6399E342DD09158A384927DA60866714" Association="C_NIMI_MKT_CAMPAIGNVH_CDS.assoc_6399E342DD09158A384927DA60866714"
					sap:creatable="false" sap:updatable="false" sap:deletable="false" sap:content-version="1"><End EntitySet="CampaignValueHelps" Role="FromRole_assoc_6399E342DD09158A384927DA60866714"/><End EntitySet="I_MKT_MarketingArea" Role="ToRole_assoc_6399E342DD09158A384927DA60866714"/></AssociationSet>
			</EntityContainer>
			<Annotations xmlns="http://docs.oasis-open.org/odata/ns/edm"
				Target="C_NIMI_MKT_CAMPAIGNVH_CDS.CampaignValueHelpsType/CampaignLifecycleStatus">
				<Annotation Term="Common.ValueList">
					<Record><PropertyValue Property="Label" String="Campaign Life Cycle Status"/><PropertyValue Property="CollectionPath" String="I_MKT_CampaignLifeCycleStatus"/><PropertyValue Property="SearchSupported" Bool="false"/>
						<PropertyValue Property="Parameters">
							<Collection>
								<Record Type="Common.ValueListParameterInOut"><PropertyValue Property="LocalDataProperty" PropertyPath="CampaignLifecycleStatus"/><PropertyValue Property="ValueListProperty" String="CampaignLifecycleStatus"/></Record>
								<Record Type="Common.ValueListParameterDisplayOnly"><PropertyValue Property="ValueListProperty" String="CampaignLifecycleStatus_Text"/></Record>
							</Collection>
						</PropertyValue>
					</Record>
				</Annotation>
			</Annotations>
			<Annotations xmlns="http://docs.oasis-open.org/odata/ns/edm" Target="C_NIMI_MKT_CAMPAIGNVH_CDS.CampaignValueHelpsType/CampaignPriority">
				<Annotation Term="Common.ValueList">
					<Record><PropertyValue Property="Label" String="Campaign Priority"/><PropertyValue Property="CollectionPath" String="I_MKT_CampaignPriority"/><PropertyValue Property="SearchSupported" Bool="false"/>
						<PropertyValue Property="Parameters">
							<Collection>
								<Record Type="Common.ValueListParameterInOut"><PropertyValue Property="LocalDataProperty" PropertyPath="CampaignPriority"/><PropertyValue Property="ValueListProperty" String="CampaignPriority"/></Record>
								<Record Type="Common.ValueListParameterDisplayOnly"><PropertyValue Property="ValueListProperty" String="CampaignPriority_Text"/></Record>
							</Collection>
						</PropertyValue>
					</Record>
				</Annotation>
			</Annotations>
			<Annotations xmlns="http://docs.oasis-open.org/odata/ns/edm" Target="C_NIMI_MKT_CAMPAIGNVH_CDS.CampaignValueHelpsType/CampaignCategory">
				<Annotation Term="Common.ValueList">
					<Record><PropertyValue Property="Label" String="Campaign Category"/><PropertyValue Property="CollectionPath" String="I_MKT_CampaignCategory"/><PropertyValue Property="SearchSupported" Bool="false"/>
						<PropertyValue Property="Parameters">
							<Collection>
								<Record Type="Common.ValueListParameterInOut"><PropertyValue Property="LocalDataProperty" PropertyPath="CampaignCategory"/><PropertyValue Property="ValueListProperty" String="CampaignCategory"/></Record>
								<Record Type="Common.ValueListParameterDisplayOnly"><PropertyValue Property="ValueListProperty" String="CampaignCategory_Text"/></Record>
							</Collection>
						</PropertyValue>
					</Record>
				</Annotation>
			</Annotations>
			<Annotations xmlns="http://docs.oasis-open.org/odata/ns/edm" Target="C_NIMI_MKT_CAMPAIGNVH_CDS.CampaignValueHelpsType/CampaignProcessType">
				<Annotation Term="Common.ValueList">
					<Record><PropertyValue Property="Label" String="Campaign Process Type"/><PropertyValue Property="CollectionPath" String="I_MKT_CampaignProcessType"/><PropertyValue Property="SearchSupported" Bool="false"/>
						<PropertyValue Property="Parameters">
							<Collection>
								<Record Type="Common.ValueListParameterInOut"><PropertyValue Property="LocalDataProperty" PropertyPath="CampaignProcessType"/><PropertyValue Property="ValueListProperty" String="CampaignProcessType"/></Record>
								<Record Type="Common.ValueListParameterDisplayOnly"><PropertyValue Property="ValueListProperty" String="CampaignProcessType_Text"/></Record>
							</Collection>
						</PropertyValue>
					</Record>
				</Annotation>
			</Annotations>
			<Annotations xmlns="http://docs.oasis-open.org/odata/ns/edm" Target="C_NIMI_MKT_CAMPAIGNVH_CDS.CampaignValueHelpsType/MediaType">
				<Annotation Term="Common.ValueList">
					<Record><PropertyValue Property="Label" String="Media Type"/><PropertyValue Property="CollectionPath" String="I_MKT_MediaType"/><PropertyValue Property="SearchSupported" Bool="false"/>
						<PropertyValue Property="Parameters">
							<Collection>
								<Record Type="Common.ValueListParameterInOut"><PropertyValue Property="LocalDataProperty" PropertyPath="MediaType"/><PropertyValue Property="ValueListProperty" String="MediaType"/></Record>
								<Record Type="Common.ValueListParameterDisplayOnly"><PropertyValue Property="ValueListProperty" String="MediaType_Text"/></Record>
							</Collection>
						</PropertyValue>
					</Record>
				</Annotation>
			</Annotations>
			<Annotations xmlns="http://docs.oasis-open.org/odata/ns/edm" Target="C_NIMI_MKT_CAMPAIGNVH_CDS.CampaignValueHelpsType/MarketingArea">
				<Annotation Term="Common.ValueList">
					<Record><PropertyValue Property="Label" String="Marketing Area"/><PropertyValue Property="CollectionPath" String="I_MKT_MarketingArea"/><PropertyValue Property="SearchSupported" Bool="false"/>
						<PropertyValue Property="Parameters">
							<Collection>
								<Record Type="Common.ValueListParameterInOut"><PropertyValue Property="LocalDataProperty" PropertyPath="MarketingArea"/><PropertyValue Property="ValueListProperty" String="MarketingArea"/></Record>
								<Record Type="Common.ValueListParameterDisplayOnly"><PropertyValue Property="ValueListProperty" String="MarketingArea_Text"/></Record>
							</Collection>
						</PropertyValue>
					</Record>
				</Annotation>
			</Annotations>
			<Annotations xmlns="http://docs.oasis-open.org/odata/ns/edm" Target="C_NIMI_MKT_CAMPAIGNVH_CDS.C_NIMI_MKT_CAMPAIGNVH_CDS_Entities">
				<Annotation Term="Aggregation.ApplySupported">
					<Record>
						<PropertyValue Property="Transformations">
							<Collection>
								<String>aggregate</String>
								<String>groupby</String>
								<String>filter</String>
							</Collection>
						</PropertyValue><PropertyValue Property="Rollup" EnumMember="None"/></Record>
				</Annotation>
			</Annotations>
			<Annotations xmlns="http://docs.oasis-open.org/odata/ns/edm"
				Target="C_NIMI_MKT_CAMPAIGNVH_CDS.C_NIMI_MKT_CAMPAIGNVH_CDS_Entities/CampaignValueHelps">
				<Annotation Term="Capabilities.FilterRestrictions">
					<Record>
						<PropertyValue Property="NonFilterableProperties">
							<Collection>
								<PropertyPath>CampaignIconName</PropertyPath>
								<PropertyPath>CampaignIconURL</PropertyPath>
							</Collection>
						</PropertyValue>
					</Record>
				</Annotation>
				<Annotation Term="Capabilities.SortRestrictions">
					<Record>
						<PropertyValue Property="NonSortableProperties">
							<Collection>
								<PropertyPath>CampaignIconName</PropertyPath>
								<PropertyPath>CampaignIconURL</PropertyPath>
							</Collection>
						</PropertyValue>
					</Record>
				</Annotation>
			</Annotations><atom:link xmlns:atom="http://www.w3.org/2005/Atom" rel="self" href="./sap/C_NIMI_MKT_CAMPAIGNVH_CDS/$metadata"/><atom:link xmlns:atom="http://www.w3.org/2005/Atom" rel="latest-version" href="./sap/C_NIMI_MKT_CAMPAIGNVH_CDS/$metadata"/></Schema>
	</edmx:DataServices>
</edmx:Edmx>